question,answer,source
rrrr,"2023,Thursday, January 19",user1さん
wowowow,"2023,Thursday, January 19",user1さん
qqqq,"2023,Thursday, January 19",user1さん
qqqq,"2023,Wednesday, January 18",user1さん
qqqqqq,"2023,Thursday, January 19",user1さん
qqqq,"2023,Wednesday, January 18",user1さん
qqqqqqqq,"2023,Wednesday, January 18",user1さん
qqqqqqqq,"2023,Thursday, January 19",user1さん
qqqqq,"2023,Wednesday, January 25",user1さん
qqqqq,"2023,Thursday, January 26",user1さん
qqqq,"2023,Thursday, January 19",user1さん
qqqqqq,"2023,Thursday, January 26",user1さん
